{"avg_reward": {"0": 0.4920000000000003, "1": 0.28699999999999976, "2": 0.7380000000000005, "3": 0.4830000000000002, "4": 0.7170000000000004, "5": 0.8250000000000008, "6": 0.7490000000000009, "7": 0.8120000000000008, "8": 0.7290000000000013, "9": 0.775000000000001, "10": 0.7500000000000011, "11": 0.8080000000000008, "12": 0.7400000000000011, "13": 0.7320000000000014, "14": 0.6620000000000005, "15": 0.7960000000000009, "16": 0.750000000000001, "17": 0.8050000000000007, "18": 0.7780000000000008, "19": 0.7820000000000007, "20": 0.7710000000000009, "21": 0.8220000000000008, "22": 0.755000000000001, "23": 0.835000000000001, "24": 0.8110000000000008}, "success_rate": {"0": 0.77, "1": 0.64, "2": 0.94, "3": 0.81, "4": 0.96, "5": 1.0, "6": 0.99, "7": 1.0, "8": 0.99, "9": 1.0, "10": 0.98, "11": 1.0, "12": 0.99, "13": 0.98, "14": 0.96, "15": 0.99, "16": 0.99, "17": 1.0, "18": 0.98, "19": 0.99, "20": 0.99, "21": 1.0, "22": 0.99, "23": 1.0, "24": 1.0}, "avg_turns": {"0": 2.88, "1": 2.9, "2": 3.04, "3": 3.42, "4": 3.38, "5": 3.1, "6": 3.42, "7": 3.2, "8": 3.62, "9": 3.42, "10": 3.44, "11": 3.2, "12": 3.56, "13": 3.52, "14": 3.72, "15": 3.24, "16": 3.44, "17": 3.22, "18": 3.2, "19": 3.24, "20": 3.38, "21": 3.12, "22": 3.46, "23": 3.1, "24": 3.18}}